Size,Random,Sorted
1,0.0,0.0
2,0.215,0.5
4,0.8350000000000002,1.5
8,1.556190476190476,3.5
16,2.4666938339438342,7.5
32,3.607876849048709,15.5
64,4.769213029276771,31.5
128,6.1405957304091565,63.5
256,7.346590110891563,127.5
512,8.776371797897362,255.5
1024,10.215075142381716,511.5
2048,11.4938352884262,1023.5
4096,12.916159880105608,2047.5
8192,14.242604690109884,4095.5
16384,15.725816439600898,8191.5
