Size,Random,Sorted
1,0.0,0.0
2,0.31,0.5
4,0.6383333333333329,1.0
8,1.2868690476190476,1.625
16,1.9600483405483409,2.375
32,2.7850666324417563,3.21875
64,3.721565242168887,4.125
128,4.689820176099989,5.0703125
256,5.658734340132561,6.0390625
512,6.675271408213648,7.021484375
1024,7.6968640222219245,8.01171875
2048,8.741087668864523,9.00634765625
4096,9.809582453419802,10.00341796875
8192,10.826704465914776,11.0018310546875
16384,11.84397582808915,12.0009765625
