Data Size,Percentage of Red Nodes
10000,0.25388774659692853
100000,0.25387905849763875
1000000,0.2539834503702926
